{
    "name": "PoAChain",
    "engine": {
        "authorityRound": {
            "params": {
                "stepDuration": "5",
                "validators" : {
                    "list": [
                        "0x00a1103c941fc2e1ef8177e6d9cc4657643f274b"
                    ]
                }
            }
        }
    },
    "params": {
        "gasLimitBoundDivisor": "0x400",
        "maximumExtraDataSize": "0x20",
        "minGasLimit": "0x1388",
        "networkID" : "0x2323",
        "eip155Transition": 0,
        "validateChainIdTransition": 0,
        "eip140Transition": 0,
        "eip211Transition": 0,
        "eip214Transition": 0,
        "eip658Transition": 0
    },
    "genesis": {
        "seal": {
            "authorityRound": {
                "step": "0x0",
                "signature": "0x0000000000000000000000000000000000000000000000000000000000000000000000000000000000000000000000000000000000000000000000000000000000"
            }
        },
        "difficulty": "0x20000",
        "gasLimit": "0x5B8D80"
    },
    "accounts": {
        "0x0000000000000000000000000000000000000001": { "balance": "1", "builtin": { "name": "ecrecover", "pricing": { "linear": { "base": 3000, "word": 0 } } } },
        "0x0000000000000000000000000000000000000002": { "balance": "1", "builtin": { "name": "sha256", "pricing": { "linear": { "base": 60, "word": 12 } } } },
        "0x0000000000000000000000000000000000000003": { "balance": "1", "builtin": { "name": "ripemd160", "pricing": { "linear": { "base": 600, "word": 120 } } } },
        "0x0000000000000000000000000000000000000004": { "balance": "1", "builtin": { "name": "identity", "pricing": { "linear": { "base": 15, "word": 3 } } } },
        "0x00a1103c941fc2e1ef8177e6d9cc4657643f274b": { "balance": "100000000000000000000000000000000" },
        "0x004ec07d2329997267ec62b4166639513386f32e": { "balance": "100000000000000000000000000000000" }
    }
}